district,Num_MVs_per_dweling_0_MVs,Num_MVs_per_dweling_1_MVs,Num_MVs_per_dweling_2_MVs,Num_MVs_per_dweling_3_MVs,Num_MVs_per_dweling_4mo_MVs,Num_MVs_per_dweling_Tot,Num_MVs_NS,Total_dwelings,Total_dwelings_total
Albert Park,8555.0,18304.0,6671.0,999.0,349.0,34982.0,428.0,35474.0,35474.0
Ashwood,1601.0,10394.0,11734.0,3198.0,1447.0,28371.0,245.0,28775.0,28775.0
Bass,799.0,7928.0,9973.0,3548.0,2222.0,24541.0,345.0,25014.0,25014.0
Bayswater,1204.0,9442.0,11349.0,3376.0,1626.0,27069.0,241.0,27396.0,27396.0
Bellarine,630.0,8995.0,11674.0,3491.0,1836.0,26687.0,274.0,26978.0,26978.0
Benambra,1003.0,7948.0,10067.0,3660.0,2184.0,24865.0,527.0,25400.0,25400.0
Bendigo East,1132.0,8770.0,10689.0,3792.0,2279.0,26646.0,226.0,26985.0,26985.0
Bendigo West,1426.0,9315.0,9055.0,3259.0,1970.0,25083.0,342.0,25431.0,25431.0
Bentleigh,1769.0,10955.0,11543.0,2717.0,1192.0,28067.0,206.0,28370.0,28370.0
Berwick,464.0,6370.0,11971.0,3950.0,2202.0,25197.0,206.0,25410.0,25410.0
Box Hill,3353.0,13502.0,11154.0,2715.0,1309.0,31884.0,331.0,32279.0,32279.0
Brighton,1726.0,10973.0,9651.0,2428.0,1166.0,25879.0,199.0,26133.0,26133.0
Broadmeadows,2741.0,11346.0,8707.0,2562.0,1423.0,26810.0,493.0,27312.0,27312.0
Brunswick,5709.0,15700.0,6459.0,1389.0,540.0,29830.0,278.0,30195.0,30195.0
Bulleen,1382.0,9637.0,11152.0,3207.0,1652.0,27155.0,220.0,27380.0,27380.0
Bundoora,1553.0,9016.0,10114.0,2974.0,1592.0,25215.0,276.0,25517.0,25517.0
Carrum,1212.0,9287.0,11572.0,3394.0,1590.0,27099.0,305.0,27429.0,27429.0
Caulfield,3363.0,13559.0,9294.0,1827.0,839.0,28891.0,296.0,29317.0,29317.0
Clarinda,1457.0,8648.0,9897.0,3311.0,1612.0,24976.0,337.0,25372.0,25372.0
Cranbourne,796.0,8100.0,12246.0,3837.0,1788.0,26857.0,316.0,27260.0,27260.0
Croydon,1204.0,10005.0,11615.0,3263.0,1910.0,28138.0,240.0,28355.0,28355.0
Dandenong,2734.0,11436.0,9721.0,3343.0,1806.0,29032.0,596.0,29731.0,29731.0
Eildon,604.0,6801.0,9282.0,4177.0,3199.0,24129.0,320.0,24502.0,24502.0
Eltham,493.0,6016.0,10427.0,3605.0,2415.0,22985.0,122.0,23126.0,23126.0
Essendon,3539.0,12947.0,8541.0,2132.0,1071.0,28246.0,351.0,28589.0,28589.0
Eureka,1041.0,8640.0,10505.0,4219.0,2858.0,27306.0,315.0,27658.0,27658.0
Euroa,1046.0,7990.0,9401.0,4140.0,2897.0,25495.0,561.0,26067.0,26067.0
Evelyn,612.0,6123.0,10253.0,3996.0,2848.0,23878.0,135.0,24141.0,24141.0
Footscray,3609.0,14327.0,8253.0,1804.0,676.0,28737.0,352.0,29149.0,29149.0
Frankston,2141.0,10650.0,9891.0,2758.0,1290.0,26799.0,415.0,27190.0,27190.0
Geelong,2113.0,11390.0,10555.0,2937.0,1675.0,28713.0,319.0,29086.0,29086.0
Gippsland East,971.0,8256.0,9696.0,3766.0,2207.0,25034.0,492.0,25531.0,25531.0
Gippsland South,991.0,8125.0,9585.0,3891.0,2560.0,25129.0,431.0,25560.0,25560.0
Glen Waverley,1363.0,9441.0,12017.0,3584.0,1611.0,28072.0,229.0,28305.0,28305.0
Greenvale,785.0,5727.0,8948.0,3837.0,2506.0,21772.0,332.0,22184.0,22184.0
Hastings,769.0,7515.0,9742.0,3614.0,2451.0,24151.0,236.0,24451.0,24451.0
Hawthorn,2727.0,12731.0,9098.0,2264.0,1052.0,27914.0,211.0,28173.0,28173.0
Ivanhoe,1798.0,10097.0,9593.0,2450.0,1107.0,25057.0,230.0,25313.0,25313.0
Kalkallo,689.0,8025.0,12785.0,3965.0,2138.0,27682.0,410.0,28102.0,28102.0
Kew,1473.0,9699.0,10594.0,2988.0,1504.0,26263.0,174.0,26541.0,26541.0
Kororoit,992.0,7675.0,11052.0,3755.0,1848.0,25428.0,350.0,25780.0,25780.0
Lara,1841.0,9413.0,9439.0,3121.0,1809.0,25747.0,396.0,26160.0,26160.0
Laverton,2158.0,11328.0,11028.0,3177.0,1456.0,29103.0,624.0,29743.0,29743.0
Lowan,1327.0,8923.0,9852.0,4301.0,3040.0,27318.0,475.0,27932.0,27932.0
Macedon,482.0,6051.0,9719.0,4026.0,2767.0,23057.0,261.0,23340.0,23340.0
Malvern,2402.0,11509.0,8764.0,2201.0,1090.0,25935.0,257.0,26293.0,26293.0
Melbourne,26624.0,21177.0,4979.0,672.0,244.0,53771.0,882.0,54747.0,54747.0
Melton,1075.0,8747.0,10687.0,3575.0,2058.0,26173.0,461.0,26659.0,26659.0
Mildura,1518.0,8442.0,9384.0,3803.0,2347.0,25410.0,591.0,25968.0,25968.0
Mill Park,662.0,6816.0,9350.0,3401.0,1997.0,22390.0,239.0,22722.0,22722.0
Monbulk,533.0,5975.0,9939.0,3848.0,2826.0,23112.0,162.0,23309.0,23309.0
Mordialloc,1256.0,8786.0,11164.0,3160.0,1600.0,25869.0,167.0,26084.0,26084.0
Mornington,794.0,7504.0,10395.0,3233.0,1937.0,23939.0,205.0,24138.0,24138.0
Morwell,2068.0,10426.0,9940.0,3516.0,1974.0,28014.0,496.0,28561.0,28561.0
Mulgrave,1962.0,9154.0,10009.0,3169.0,1716.0,26021.0,391.0,26512.0,26512.0
Murray Plains,1265.0,7804.0,9228.0,3789.0,2440.0,24587.0,523.0,25102.0,25102.0
Narracan,749.0,7247.0,9743.0,3947.0,2804.0,24515.0,289.0,24893.0,24893.0
Narre Warren North,867.0,7054.0,10574.0,4121.0,2588.0,25190.0,289.0,25583.0,25583.0
Narre Warren South,661.0,6556.0,11449.0,4495.0,2657.0,25939.0,283.0,26214.0,26214.0
Nepean,907.0,8981.0,10133.0,2979.0,1558.0,24685.0,386.0,25098.0,25098.0
Niddrie,1290.0,8444.0,10437.0,3138.0,1775.0,25200.0,261.0,25477.0,25477.0
Northcote,3549.0,13567.0,7901.0,1681.0,722.0,27537.0,172.0,27780.0,27780.0
Oakleigh,3691.0,14992.0,11095.0,2651.0,1271.0,33793.0,374.0,34198.0,34198.0
Ovens Valley,1090.0,8101.0,9367.0,3440.0,2261.0,24254.0,572.0,24857.0,24857.0
Pakenham,715.0,8642.0,11112.0,3301.0,1800.0,25557.0,299.0,25841.0,25841.0
Pascoe Vale,2833.0,12253.0,8393.0,2122.0,1036.0,26567.0,269.0,26910.0,26910.0
Point Cook,922.0,10410.0,13035.0,3508.0,1594.0,29508.0,308.0,29916.0,29916.0
Polwarth,833.0,7853.0,10778.0,3821.0,2433.0,25859.0,392.0,26271.0,26271.0
Prahran,9181.0,20691.0,5938.0,841.0,322.0,36931.0,452.0,37345.0,37345.0
Preston,3372.0,13156.0,8801.0,2318.0,1153.0,28818.0,498.0,29346.0,29346.0
Richmond,6587.0,16669.0,6092.0,1075.0,307.0,30693.0,373.0,31081.0,31081.0
Ringwood,1903.0,12315.0,11644.0,2781.0,1416.0,30010.0,364.0,30367.0,30367.0
Ripon,1012.0,7873.0,9797.0,4322.0,3129.0,26152.0,452.0,26559.0,26559.0
Rowville,663.0,6340.0,10716.0,3977.0,2385.0,24175.0,151.0,24388.0,24388.0
Sandringham,1443.0,9827.0,9801.0,2397.0,1118.0,24617.0,166.0,24859.0,24859.0
Shepparton,1345.0,8932.0,10019.0,4043.0,2437.0,26719.0,576.0,27320.0,27320.0
South Barwon,833.0,8075.0,11648.0,3354.0,1838.0,25781.0,198.0,26029.0,26029.0
South-West Coast,1269.0,8888.0,10525.0,3830.0,2369.0,26843.0,396.0,27297.0,27297.0
St Albans,1918.0,8308.0,8228.0,3323.0,1660.0,23414.0,486.0,23972.0,23972.0
Sunbury,944.0,7460.0,9478.0,3308.0,1933.0,23082.0,212.0,23342.0,23342.0
Sydenham,623.0,5941.0,9887.0,4220.0,2795.0,23624.0,240.0,23912.0,23912.0
Tarneit,971.0,9409.0,11656.0,3542.0,1918.0,27575.0,407.0,28016.0,28016.0
Thomastown,1649.0,9083.0,10109.0,3017.0,1415.0,25336.0,331.0,25777.0,25777.0
Warrandyte,675.0,6862.0,10913.0,3835.0,2625.0,24813.0,161.0,25092.0,25092.0
Wendouree,1928.0,11004.0,10011.0,2907.0,1368.0,27277.0,379.0,27646.0,27646.0
Werribee,1435.0,10775.0,10751.0,3133.0,1585.0,27784.0,359.0,28184.0,28184.0
Williamstown,1967.0,10196.0,9567.0,2238.0,1025.0,24990.0,257.0,25272.0,25272.0
Yan Yean,352.0,6333.0,10721.0,3477.0,2105.0,23050.0,223.0,23336.0,23336.0
