district,Num_MVs_per_dweling_0_MVs_pc,Num_MVs_per_dweling_1_MVs_pc,Num_MVs_per_dweling_2_MVs_pc,Num_MVs_per_dweling_3_MVs_pc,Num_MVs_per_dweling_4mo_MVs_pc,Num_MVs_per_dweling_Tot_pc,Num_MVs_NS_pc,Total_dwelings_pc
Albert Park,0.2412,0.516,0.1881,0.0282,0.0098,0.9861,0.0121,1.0
Ashwood,0.0556,0.3612,0.4078,0.1111,0.0503,0.986,0.0085,1.0
Bass,0.0319,0.3169,0.3987,0.1418,0.0888,0.9811,0.0138,1.0
Bayswater,0.0439,0.3446,0.4143,0.1232,0.0594,0.9881,0.0088,1.0
Bellarine,0.0234,0.3334,0.4327,0.1294,0.0681,0.9892,0.0102,1.0
Benambra,0.0395,0.3129,0.3963,0.1441,0.086,0.9789,0.0207,1.0
Bendigo East,0.0419,0.325,0.3961,0.1405,0.0845,0.9874,0.0084,1.0
Bendigo West,0.0561,0.3663,0.3561,0.1282,0.0775,0.9863,0.0134,1.0
Bentleigh,0.0624,0.3861,0.4069,0.0958,0.042,0.9893,0.0073,1.0
Berwick,0.0183,0.2507,0.4711,0.1555,0.0867,0.9916,0.0081,1.0
Box Hill,0.1039,0.4183,0.3455,0.0841,0.0406,0.9878,0.0103,1.0
Brighton,0.066,0.4199,0.3693,0.0929,0.0446,0.9903,0.0076,1.0
Broadmeadows,0.1004,0.4154,0.3188,0.0938,0.0521,0.9816,0.0181,1.0
Brunswick,0.1891,0.52,0.2139,0.046,0.0179,0.9879,0.0092,1.0
Bulleen,0.0505,0.352,0.4073,0.1171,0.0603,0.9918,0.008,1.0
Bundoora,0.0609,0.3533,0.3964,0.1165,0.0624,0.9882,0.0108,1.0
Carrum,0.0442,0.3386,0.4219,0.1237,0.058,0.988,0.0111,1.0
Caulfield,0.1147,0.4625,0.317,0.0623,0.0286,0.9855,0.0101,1.0
Clarinda,0.0574,0.3408,0.3901,0.1305,0.0635,0.9844,0.0133,1.0
Cranbourne,0.0292,0.2971,0.4492,0.1408,0.0656,0.9852,0.0116,1.0
Croydon,0.0425,0.3528,0.4096,0.1151,0.0674,0.9923,0.0085,1.0
Dandenong,0.092,0.3846,0.327,0.1124,0.0607,0.9765,0.02,1.0
Eildon,0.0247,0.2776,0.3788,0.1705,0.1306,0.9848,0.0131,1.0
Eltham,0.0213,0.2601,0.4509,0.1559,0.1044,0.9939,0.0053,1.0
Essendon,0.1238,0.4529,0.2988,0.0746,0.0375,0.988,0.0123,1.0
Eureka,0.0376,0.3124,0.3798,0.1525,0.1033,0.9873,0.0114,1.0
Euroa,0.0401,0.3065,0.3606,0.1588,0.1111,0.9781,0.0215,1.0
Evelyn,0.0254,0.2536,0.4247,0.1655,0.118,0.9891,0.0056,1.0
Footscray,0.1238,0.4915,0.2831,0.0619,0.0232,0.9859,0.0121,1.0
Frankston,0.0787,0.3917,0.3638,0.1014,0.0474,0.9856,0.0153,1.0
Geelong,0.0726,0.3916,0.3629,0.101,0.0576,0.9872,0.011,1.0
Gippsland East,0.038,0.3234,0.3798,0.1475,0.0864,0.9805,0.0193,1.0
Gippsland South,0.0388,0.3179,0.375,0.1522,0.1002,0.9831,0.0169,1.0
Glen Waverley,0.0482,0.3335,0.4246,0.1266,0.0569,0.9918,0.0081,1.0
Greenvale,0.0354,0.2582,0.4034,0.173,0.113,0.9814,0.015,1.0
Hastings,0.0315,0.3073,0.3984,0.1478,0.1002,0.9877,0.0097,1.0
Hawthorn,0.0968,0.4519,0.3229,0.0804,0.0373,0.9908,0.0075,1.0
Ivanhoe,0.071,0.3989,0.379,0.0968,0.0437,0.9899,0.0091,1.0
Kalkallo,0.0245,0.2856,0.4549,0.1411,0.0761,0.9851,0.0146,1.0
Kew,0.0555,0.3654,0.3992,0.1126,0.0567,0.9895,0.0066,1.0
Kororoit,0.0385,0.2977,0.4287,0.1457,0.0717,0.9863,0.0136,1.0
Lara,0.0704,0.3598,0.3608,0.1193,0.0692,0.9842,0.0151,1.0
Laverton,0.0726,0.3809,0.3708,0.1068,0.049,0.9785,0.021,1.0
Lowan,0.0475,0.3195,0.3527,0.154,0.1088,0.978,0.017,1.0
Macedon,0.0207,0.2593,0.4164,0.1725,0.1186,0.9879,0.0112,1.0
Malvern,0.0914,0.4377,0.3333,0.0837,0.0415,0.9864,0.0098,1.0
Melbourne,0.4863,0.3868,0.0909,0.0123,0.0045,0.9822,0.0161,1.0
Melton,0.0403,0.3281,0.4009,0.1341,0.0772,0.9818,0.0173,1.0
Mildura,0.0585,0.3251,0.3614,0.1464,0.0904,0.9785,0.0228,1.0
Mill Park,0.0291,0.3,0.4115,0.1497,0.0879,0.9854,0.0105,1.0
Monbulk,0.0229,0.2563,0.4264,0.1651,0.1212,0.9915,0.007,1.0
Mordialloc,0.0482,0.3368,0.428,0.1211,0.0613,0.9918,0.0064,1.0
Mornington,0.0329,0.3109,0.4306,0.1339,0.0802,0.9918,0.0085,1.0
Morwell,0.0724,0.365,0.348,0.1231,0.0691,0.9808,0.0174,1.0
Mulgrave,0.074,0.3453,0.3775,0.1195,0.0647,0.9815,0.0147,1.0
Murray Plains,0.0504,0.3109,0.3676,0.1509,0.0972,0.9795,0.0208,1.0
Narracan,0.0301,0.2911,0.3914,0.1586,0.1126,0.9848,0.0116,1.0
Narre Warren North,0.0339,0.2757,0.4133,0.1611,0.1012,0.9846,0.0113,1.0
Narre Warren South,0.0252,0.2501,0.4368,0.1715,0.1014,0.9895,0.0108,1.0
Nepean,0.0361,0.3578,0.4037,0.1187,0.0621,0.9835,0.0154,1.0
Niddrie,0.0506,0.3314,0.4097,0.1232,0.0697,0.9891,0.0102,1.0
Northcote,0.1278,0.4884,0.2844,0.0605,0.026,0.9913,0.0062,1.0
Oakleigh,0.1079,0.4384,0.3244,0.0775,0.0372,0.9882,0.0109,1.0
Ovens Valley,0.0439,0.3259,0.3768,0.1384,0.091,0.9757,0.023,1.0
Pakenham,0.0277,0.3344,0.43,0.1277,0.0697,0.989,0.0116,1.0
Pascoe Vale,0.1053,0.4553,0.3119,0.0789,0.0385,0.9873,0.01,1.0
Point Cook,0.0308,0.348,0.4357,0.1173,0.0533,0.9864,0.0103,1.0
Polwarth,0.0317,0.2989,0.4103,0.1454,0.0926,0.9843,0.0149,1.0
Prahran,0.2458,0.5541,0.159,0.0225,0.0086,0.9889,0.0121,1.0
Preston,0.1149,0.4483,0.2999,0.079,0.0393,0.982,0.017,1.0
Richmond,0.2119,0.5363,0.196,0.0346,0.0099,0.9875,0.012,1.0
Ringwood,0.0627,0.4055,0.3834,0.0916,0.0466,0.9882,0.012,1.0
Ripon,0.0381,0.2964,0.3689,0.1627,0.1178,0.9847,0.017,1.0
Rowville,0.0272,0.26,0.4394,0.1631,0.0978,0.9913,0.0062,1.0
Sandringham,0.058,0.3953,0.3943,0.0964,0.045,0.9903,0.0067,1.0
Shepparton,0.0492,0.3269,0.3667,0.148,0.0892,0.978,0.0211,1.0
South Barwon,0.032,0.3102,0.4475,0.1289,0.0706,0.9905,0.0076,1.0
South-West Coast,0.0465,0.3256,0.3856,0.1403,0.0868,0.9834,0.0145,1.0
St Albans,0.08,0.3466,0.3432,0.1386,0.0692,0.9767,0.0203,1.0
Sunbury,0.0404,0.3196,0.406,0.1417,0.0828,0.9889,0.0091,1.0
Sydenham,0.0261,0.2485,0.4135,0.1765,0.1169,0.988,0.01,1.0
Tarneit,0.0347,0.3358,0.416,0.1264,0.0685,0.9843,0.0145,1.0
Thomastown,0.064,0.3524,0.3922,0.117,0.0549,0.9829,0.0128,1.0
Warrandyte,0.0269,0.2735,0.4349,0.1528,0.1046,0.9889,0.0064,1.0
Wendouree,0.0697,0.398,0.3621,0.1052,0.0495,0.9867,0.0137,1.0
Werribee,0.0509,0.3823,0.3815,0.1112,0.0562,0.9858,0.0127,1.0
Williamstown,0.0778,0.4035,0.3786,0.0886,0.0406,0.9888,0.0102,1.0
Yan Yean,0.0151,0.2714,0.4594,0.149,0.0902,0.9877,0.0096,1.0
